question,essay,mark,max_marks,level,feedback,topic,date_added
Discuss usefulness of YED to both producer and government,"YED is the responsiveness of quantity demanded to a change in income. YED less than 0 Indicates an inferior good, YED form 0 to 1 Indicates a normal good and YED greater than 1 Indicates a luxury good.

YED can help producers in production planning, investment decisions and stock management of products during different stages of the economic cycle. During economic growth, production is high, resulting in more revenue, and higher revenue results in higher wages and income. Higher income results in more spending, and knowing YED can help firms on whether they should increase supply, reduce supply, or switch product manufacture. For example, during economic growth, luxury firms such as Dior may have higher quantity demanded, so they price the goods at higher rates or they may increase supply.

This is dependent on YED, as if it is positive, producers can increase supply, as more is demanded. And if negative, producers have to strategy on changing production capacity or switching to other production. During recession, when income is low, inferior goods with negative YED are demanded more, as consumers cannot afford to buy more expensive goods, meaning that inferior goods production must be increased by firms and the strategy of normal goods and luxury goods must change. 

But, this depends on the accuracy of YED. We must realize that YED is just an estimate, and other factors like consumer confidence and policies in a region affect decisions taken by firms. YED, though useful, only tells us of the perceived demand, as it does not take into consideration other factors like income tax, making it hard for firms to trust YED alone.

For governments, YED is useful because it helps predict how demand for different goods and services will change as incomes rise or fall. During a period of economic growth, incomes increase and demand for normal and luxury goods rises. Governments can use this information to forecast changes in consumer spending and tax revenue. For example, increased demand for luxury goods may lead to higher VAT receipts and corporation tax revenues from firms producing these goods. For instance, as incomes rose rapidly in China during the 2000s and 2010s, demand for luxury cars from companies such as BMW and Mercedes-Benz increased significantly. The Chinese government could use this trend to predict higher tax revenues and plan its budget more accurately. 
YED can also help governments decide where support may be needed. During a recession, incomes fall and demand for normal and luxury goods may decrease significantly, particularly if they have a high positive YED. This may lead to unemployment in affected industries. Governments can use subsidies, grants, or retraining programmes to support workers and firms in these sectors.
But, YED cannot fully help the government understand struggling industries. They may also have to take in factors like unemployment rates, revenue generated in financial quarters and also revenues. While government support is an option, budget constraints exist. Therefore, the government cannot always support industries, as they have to focus on other aspects of the economy such as education and healthcare.For example, the UK government did not continue large-scale support for its coal mining industry despite falling demand, as public funds were needed for other priorities such as healthcare and education.
In addition, YED can help governments anticipate macroeconomic changes. If many goods have a high positive YED, rising incomes may cause consumer spending and aggregate demand to increase rapidly. This could contribute to demand-pull inflation. As a result, governments may introduce contractionary fiscal policies, such as higher taxes or lower government spending, to reduce inflationary pressures.
However, the usefulness of YED is limited. YED values are estimates based on past data and may change over time. Furthermore, YED only considers changes in average income and does not account for income inequality. An increase in national income may be concentrated among higher-income households, meaning that actual changes in demand may differ from those predicted by YED.
In conclusion, YED is useful to both producers and governments because it helps predict how demand will change as incomes change. However, its usefulness is limited as it is only an estimate and does not account for all factors affecting demand. Overall, YED may be more useful to governments as it assists with taxation, spending, and macroeconomic policy decisions.",11,12,AS,"Good Points and Nice analysis. Evalauation is present, but lacks depth.",Income elasticity of demand and  Price elasticity of demand,2026-06-11
Assess whether price elasticity of demand (PED) or income elasticity of demand (YED) is likely to be of greater importance to a firm producing cars.,"Price elasticity of demand measures the responsiveness of quantity demanded to a change in price. If PED>1 it is elastic, if PED less than 1 it is inelastic. Income elasticity of demand measures the responsiveness of quantity demanded with a change in income. If YED greater than 1 it is a luxury good, YED less than 0 it is inferior good, and greater than 0 and less than 1 it is normal.

To analyse if PED or YED is more important in the car industry, we must first consider the type of car that is produced.

If the car produced is a normal good, YED does not have much importance. While YED can tell how a higher income may affect demand, it may not have much importance as the car is not significantly as expensive as luxury vehicles. PED may matter more as it more accurately measures if a change in price affects demand and also has a determinant as the proportion of income spent on the car, which is more important as consumers buying this car are day-to-day middle income consumers. For example, PED for Toyota may be more important than YED as they produce cheaper cars, because they must know how a change in price will affect demand, rather than income.

On the other hand, if the car is a luxury good, this importance changes. As the good is already a luxury, a change in price may not affect the consumer who buys the good, who is ready to spend extra. Rather, a change in income of consumers who may be able to buy the product now, is more important for the luxury manufacturer, as it tells if their consumer market has increased. For example, Rolls Royce may feel YEd more important as their clients are already wealthy, making PED less useful. Rather an increase in income of demography may interest them, as it increases consumer market, which may help them make better decisions.

To evaluate, we must know that both YED and PED are estimates and cannot be completely accurate, because it uses estimated data.

Overall, the importance of both estimates depends on other factors like brand loyalty, substitutes and time period.

Some cars like Ferrari have high levels of brand loyalty, leading to them having an almost perfectly inelastic demand. Therefore, YED is a more accurate estimate of a change in demand according to income.

Also, the number of substitutes also makes a difference. As the cars become more luxurious, the number of substitutes reduces making their PED inelastic and less significant to firms, making YED more important to predict future sales. As an example we  have Nissan which has many substitutes like Honda, but Ferrari has limited substitutes under the limited market shares in the supercar market. Finally, it depends on the long run and short run. They are usually more accurate in the long run because behavior adjusts overtime.

In conclusion, YED and PED are each important spending on the type of car, brand loyalty, number of substitutes and time period. But, YED is overall more important as it can be used for all brands and types of cars to classify if it’s an inferior, normal or luxury goods.",10,12,AS,Some points lacks depth and Evalaution is shallow,Income elastcity of demand (YED) and Price elastcity of demand (PED),2026-06-11
"Assess the likely success of any two government policies to make the price elasticity of supply of all agricultural products are more elastic.
endd","I have already referred to the fact that the price elasticity of supply of agricultural products is 
likely to be relatively more inelastic than manufactured products in (a). 
However, a government could decide to introduce some policies to make the price elasticity of supply of 
all agricultural products are more elastic.
One such policy would be to improve infrastructure in the agricultural sector, such as in 
relation to improvements in warehousing and refrigeration. If such improvements could be 
made, they would have the advantage of making it easier to store stocks when harvests were 
good and then these stocks could be released on to the market when harvests were not so 
good. This improvement to the ability of producers to store stocks would make the supply 
more price elastic. However, such a policy would have the disadvantage that they would 
involve the government in relatively large expenditure which could have been spent in other 
areas of the economy, for example there would be an opportunity cost involved in such 

expenditure. Another possible disadvantage is that producers might not have the necessary 
space that would be needed.
A second possible policy would be for the government to improve the training of agricultural 
workers. This would be likely to make agricultural workers more efficient and to improve 
their levels of productivity. If agricultural workers were better trained in different aspects of 
the industry, it would help to make them more mobile, and this increase in factor mobility 
would mean that they could be moved from one part of the industry to another with greater 
ease and this would help to make supply more elastic. However, as with the first policy, this 
would involve the government in a great deal of expenditure in helping to finance this 
training. There is also the possibility that such training would take quite a long period of time 
and so, although the policy might be effective in the long run, it would have less of an impact 
in the short run.
In conclusion, each of these policies would be likely to be relatively effective in making the 
supply of all agricultural products more elastic. However, each would involve considerable 
expense for the government. The first policy is likely to be more effective in the short term 
and medium term because it would not take too long to improve the warehousing and 
refrigeration provision, whereas the second policy would be likely to take a longer period of 
time. The second policy is likely to be effective for all agricultural products, whereas the first 
policy is likely to be effective for most agricultural products, but it may be relatively more 
difficult to store and refrigerate some products than others. Therefore, of the two policies 
discussed, the first policy is likely to be more successful than the second policy, especially in 
the short term, even though it is possible that some agricultural products could be more 
difficult to store and refrigerate than others.",11,12,AS,"The answer achieves Level 3 for AO1 (Knowledge and Understanding) and AO2 (Analysis). A detailed 
knowledge and understanding of how two government policies could influence the price elasticity of supply of 
agricultural products is demonstrated. There is also a detailed analysis of the advantages and disadvantages 
of each of the two policies and a clear explanation of why each of the measures might be less effective than 
expected. The answer gains all eight marks for AO1 and AO2.
The answer achieves Level 2 for AO3 (Evaluation). It develops evaluative comments rather than simply 
stating or listing relevant points and the advantages and disadvantages of each policy are considered before 
reaching a reasoned conclusion. The answer gained three of the four available comments as it was felt that 
there was scope to have developed the evaluation more fully in places, such as in relation to which particular 
agricultural products might be more difficult to store and/or refrigerate and why this might be the case.",PES,2026-06-11
"Assess whether expansionary monetary policy is likely to be successful in reducing all types of 
unemployment.","Monetary policy refers to one type of government policy to achieve macroeconomic 
objectives by intervention in an economy in different ways. Expansionary monetary policy 
refers to the situation where policies are undertaken to increase the level of aggregate 
demand in an economy. There are three tools of monetary policy that would be appropriate 
to an increase in aggregate demand: an increase in the money supply, a reduction in the rate 
of interest or a loosening of credit credentials.
An increase in the money supply will be carried out by the central bank of an economy. The 
central bank will try to influence bank lending by commercial banks, and this will bring about 
an increase in the money supply. Such an increase in the money supply, through increased 
bank lending, is likely to reduce unemployment in an economy. A strength of this measure is 
that its impact is likely to be noticed in a relatively short period of time. However, a potential 
weakness of such a measure is that it will depend on the relationship between the central 
bank and the commercial banks in an economy and it may not always be easy for a central 
bank to force the commercial banks to operate in a certain way.
A reduction in the rate of interest is a second possible measure. A strength of this measure is 
that any change of interest can have an immediate impact as people and institutions are 
encouraged to borrow more as the cost of borrowing is cheaper. The increase in borrowing is 
likely to be followed by an increase in spending and this could lead to a reduction in 
unemployment. However, a potential weakness of such a measure is that it may not always 
Specimen Paper Answers – Paper 2
17
have a significant impact on decisions to borrow money, the interest elasticity of demand 
being relatively inelastic.
A third tool of monetary policy is how central banks can vary credit regulations on lending by 
commercial banks to their customers. When there is a need to increase aggregate demand to 
reduce unemployment, an easing of credit regulations should boost spending by consumers 
and firms, creating more jobs. A criticism of this policy is that it is short term and can lead 
to periods of ‘Stop and Go’ that are not conducive to economic growth.
Some economists include the exchange rate as a tool of monetary policy. It must be stressed 
that this is only valid when dealing with a fixed exchange rate system. A devaluation of the 
exchange rate will usually increase aggregate demand and employment. This is because the 
devaluation will lead to a fall in export prices and an increase in import prices relative to an 
economy’s competitors. These changes will boost aggregate demand and reduce 
unemployment.
The impact of all three measures is likely to be effective in reducing the level of cyclical 
unemployment in an economy because expansionary monetary policy should lead to an 
increase in aggregate demand. However, these measures are likely to be less successful in 
reducing other types of unemployment. For example, frictional unemployment occurs when 
people are moving from one job to another and there is always likely to be some form of 
frictional unemployment in an economy, however successful expansionary monetary policy is 
in increasing aggregate demand. Structural unemployment may still exist as there are always
likely to be some declining industries in an economy whatever the level of aggregate demand. 
Technological change is a key feature of modern economies and as the impact of technological 
progress affects an economy, and there is a move from capital to labour, some workers are 
likely to continue to lose their jobs. Finally, even if expansionary monetary policy has increased 
the level of aggregate demand in an economy, some seasonal unemployment may continue to 
exist at certain times of the year, such as in the tourist industry.
Therefore, in conclusion, expansionary monetary policy is likely to be successful in reducing 
unemployment, especially cyclical unemployment, but will not necessarily be as successful in 
reducing other types of unemployment, such as frictional, structural, technological and 
seasonal unemployment.",11,12,AS,"The answer achieves Level 3 for AO1 (Knowledge and Understanding) and AO2 (Analysis). A detailed 
knowledge and understanding of the meaning of expansionary monetary policy and of the tools of monetary 
policy appropriate to an expansionary monetary policy is demonstrated. There is also a detailed analysis of 
the strengths and weaknesses of each of the three measures in reducing unemployment. The answer gains 
all eight marks for AO1 and AO2.The answer achieves Level 2 for AO3 (Evaluation). It develops evaluative comments rather than simply 
stating or listing relevant points and the strengths and weaknesses of each monetary policy measure are 
considered before reaching a reasoned conclusion. The answer gained three of the four available comments 
as it was felt that there was scope to have developed the evaluation more fully in places, such as in relation 
to particular examples of frictional, structural, technological and seasonal unemployment that would not be 
affected by the expansionary monetary policy",monetary policy,2026-06-11
"Assess the extent to which a subsidy is likely to be the best method to increase the
consumption of a merit good.","A subsidy is a financial grant given by the government to producers of a good to increase the quantity produced and to decrease the price at which it is sold. A merit good is a good that creates more positive externalities than what is internalised, leading to underproduction if left to the free market.

In a free market there is the existence of information failure which is a type of market failure, meaning that consumers don't internalise all the benefits produced after consumption of merit goods. This in turn leads producers to decrease supply, as there is a signal that demand is low for this good. This leads to underconsumption and underproduction of merit goods. Thus government intervention is needed to fix this market failure. This diagram shows what happens when a subsidy is provided to producers of a merit good. The producer revenue increases from PaQ0 to eCQ1O. Quantity demanded increases from Q0 to Q1 and price falls from P to P1. So consumers benefit by saving Pa d P1. This lower price incentivises consumers to increase consumption of the merit good, thus decreasing the negative effect of market failure.

However, there is still a chance that despite lower prices consumers don't increase their consumption of merit goods by a lot due to lack of knowledge of its importance. In this case the government should focus on educating its people on the need for merit goods such as healthcare and education and all of their associated benefits. Moreover, there might still be a large portion of the population that are still unable to afford healthcare at this low subsidised price. So despite realising the benefits, the ability to pay is absent. This unregistered demand may incentivise firms to reduce quantity supplied and thus reduce the benefit the consumers experience due to the subsidy. To solve the problem of unaffordability, the government should involve direct provision, where the government itself provides these merit goods at little to no price. This ensures maximum benefit to society.

However there is a problem of oversubsidisation or undersubsidisation and how much of the subsidy the firm is actually passing onto consumers. When there is oversubsidisation, it shows an inefficient allocation of resources and causes opportunity cost as the money allocated could have been spent on public goods and etcetera. And undersubsidisation won't allow firms to maximise output of the good leading to a lower positive effect than intended. Furthermore, bias present within the firm (i.e. corruption) can mean that the firm is using most of the subsidy to benefit itself compared to the consumers.

Moreover certain firms may use the subsidy to cover costs of inefficiency instead of increasing output capacity through high productive efficiency. Thus once again the goal of increasing consumer consumption is not met.

Other ways through which the government can increase the consumption of a merit good are by decreasing income tax so that consumers have more disposable income to allocate towards merit goods. However all of these methods will face a time lag between implementation and actual benefits being seen as it may take consumers to change their habits. For instance if a person who is an alcoholic spends over 30% of their income on alcohol, they are unlikely to increase consumption of merit goods despite realising their benefits since alcohol is addictive and increasing consumption of merit goods means they have to cut down on spending on alcohol.

Thus a subsidy isn't the best method to increase the consumption of a merit good if other policies such as increased awareness campaigns, direct provision and lower taxes aren't implemented. These strategies alongside provision of subsidies will provide maximum public welfare, so the government should assess the extent of information failure present to implement a good mix of these strategies to maximise consumer welfare.",10,12,AS,Full marks for Knowledge and Analysis. Marks cut in evaluation. Lacks depth and counter arguemnts. Needs more depth.,subsidy and merit goods,2026-06-11
Assess the extent to which supply-side policy is the best method to reduce the rate of inflation,"Supply-side policies are policies aimed at increasing the aggregate supply of the economy. This involves training, expanding workers to increase their skills and qualifications to increase their employability, thus increasing their standard of living, causing economic growth. Inflation is essentially the rise in price level of an economy over a period of time.

If inflation rate is the percentage by which the inflation changes and can be classified into two types, there is creeping inflation and accelerating inflation. Creeping inflation is a very low rate of inflation and accelerating inflation is an extremely high growth rate of inflation. It is characterised by over a 50% increase in price level a month.

One type of supply-side policy is reformation of trade unions. This involves reducing the negotiating power trade unions have in bargaining for high wages so that firms can instead employ a larger number of workers at a lower wage level. This helps prevent the wage-inflation spiral that occurs after workers press for higher wages leading to higher costs of production for the firm, thus higher prices. So due to higher prices, workers again press for higher wages which results in a spiral that leads to inflation. This prevents the rate of inflation from increasing to a certain extent.

Another supply-side policy is provision of education and training. This increases the skills and productivity of each worker, thus increasing the productive capacity of a firm leading to economic growth. This can lead to low export prices as increased productivity and efficiency lead to more competitive goods. This leads to lower import prices for trading countries, thus reducing their cost-push inflation leading to low rate of inflation for them. This may lead to a more favourable trading agreement for the exporting country. Cost-push inflation of the exporting country also decreases, reducing the rate of inflation. Furthermore, this increase in aggregate supply means that demand-pull inflation will decrease as AS slowly engulfs AD.

Provision of increased healthcare will also lead to better living standards of consumers which will increase their productivity, thus increasing aggregate supply, thereby controlling demand-pull inflation leading to low rate of inflation.

Over time as skills and productivity of workers rise, both AD and AS are more likely to stay in equilibrium which leads to a good rate of inflation or a creeping inflation. This low level of inflation is positive since it promises a good economic future.

However, increased skills and qualification of workers may make them move out of the country in search of better employment opportunities or better living standards. This is called brain drain. This means those who are less skilled and qualified are left behind, meaning the home country workers still present in the country have low skill so low productive potential of firms. There will be a rise in cost of production due to mismatch between productivity and wage rates of workers leading to cost-push inflation which increases the rate of inflation.

Investing in technology and research and development as a form of supply-side policy may exacerbate the rate of inflation in the short run due to increased investment leading to rise in money supply and hence increasing aggregate demand. However, in the long run it will lead to development of better methods of production leading to increased quantity produced and lower costs, thereby increasing aggregate supply and reducing inflationary pressures.

This increase in aggregate supply helps lower rate of inflation by lowering cost-push inflation.

In conclusion, a mix of all the supply-side policies along with the implementation of contractionary demand side policies will help reduce the rate of inflation in both the short-run and the long run. The government should analyse the situation of the economy and accordingly decide the magnitude of implementation of the supply-side and demand-side policies to ensure a low and stable rate of inflation. As a high rate of inflation causes uncertainty and instability in an economy which leads to low economic growth. However, if only one supply-side policy had to be chosen it would be to improve the education and training of workers as it would help increase aggregate supply sustainably accordingly to aggregate demand.",4,12,AS,Lacks evalaution comepleltly. Very less marks for knowledge and understanding. Weak arguemnts and confusing statments.,Supply side policies,2026-06-11
